odom_x, odom_y, odom_th, odom_vx, odom_yawrate, pf_x, pf_y, pf_th, stamp, 
0.002574421465396881, -0.001234194147400558, -4.7622709145298746e-07, 0.0, 1.1544652386841214e-11, 0.01343364701832873, 0.07540237029125077, -0.02881634866763673, 1741909530974613874, 
0.002574421465396881, -0.001234194147400558, -4.7622709145298746e-07, 0.0, 9.33657751805983e-12, 0.0072289529751947395, 0.0737870761883837, -0.02945954682789469, 1741909531183839362, 
0.002574421465396881, -0.001234194147400558, -4.7622709145298746e-07, 0.0, 7.799994157509094e-12, 0.016848845632234172, 0.07493789751937988, -0.02664950619740763, 1741909531394578897, 
0.002574421465396881, -0.001234194147400558, -4.7622709145298746e-07, 0.0, 9.271726615633913e-12, 0.009439147096309086, 0.07074119593140556, -0.030350779493972836, 1741909531584210271, 
0.002574421465396881, -0.001234194147400558, -4.7622709145298746e-07, 0.0, 9.106644258127794e-12, 0.005997003364213674, 0.0750031052158165, -0.02856808552662168, 1741909531824153657, 
0.002574421465396881, -0.001234194147400558, -4.7622709145298746e-07, 0.0, 9.118859313483885e-12, 0.01188640559280043, 0.07830834318908167, -0.026566850231214193, 1741909532034142219, 
0.002574421465396881, -0.001234194147400558, -4.7622709145298746e-07, 0.0, 8.91767649308095e-12, 0.012657637677574008, 0.0843355374586566, -0.03000012371476299, 1741909532135207234, 
0.002574421465396881, -0.001234194147400558, -4.7622709145298746e-07, 0.0, 6.648168127121323e-12, 0.009195647970820937, 0.07552755022206374, -0.02964764446898138, 1741909532243798058, 
0.002574421465396881, -0.001234194147400558, -4.7622709145298746e-07, 0.0, 8.946142437959992e-12, 0.013456578691157106, 0.07090463249146191, -0.026651199614446675, 1741909532435304589, 
0.0025543326046317816, -0.0012522037141025066, -4.762267703223245e-07, 0.0, 8.763254868426884e-07, 0.012568830516900992, 0.074039404793372, -0.029517980936380785, 1741909532530217036, 
0.0024366548750549555, -0.001359157613478601, 0.0433892387247295, 0.08886850691306673, 0.4376760721206665, 0.018596008116046493, 0.06952447196078185, -0.01591303818707385, 1741909532735327581, 
0.002559846732765436, -0.0007518003694713116, 0.09889499561056406, 0.10499363536294658, 0.5401196479797363, 0.013725713931059482, 0.08297912801401473, 0.03703250788666449, 1741909532834336774, 
0.0026681520976126194, -0.0009796288795769215, 0.1470801153087991, 0.09449555391268441, 0.49798160791397095, 0.021947690252750403, 0.08462132016591033, 0.10302344844875104, 1741909532929555144, 
0.002495835768058896, -0.001261174096725881, 0.24865740028468816, 0.1803701754829144, 0.46799612045288086, 0.04919081383649181, 0.0790702794019427, 0.19157575501921817, 1741909533135438361, 
0.0027470325585454702, -0.0013031272683292627, 0.3003585880742676, 0.17048113464677933, 0.5290879011154175, 0.05798890940053371, 0.09664461607089292, 0.2378782554507675, 1741909533235119100, 
0.002483544871211052, -0.001757717109285295, 0.34606172651089645, 0.1616555651019072, 0.4625805616378784, 0.09263709485150945, 0.0935710750437708, 0.3120074676588867, 1741909533331290517, 
0.0017382304649800062, -0.0031953079160302877, 0.44909430485370233, 0.1681507432086724, 0.5061703324317932, 0.10859921760437523, 0.10533717498004626, 0.37816574861460595, 1741909533535225146, 
0.001563347177579999, -0.003949183505028486, 0.4997334307858277, 0.16979093976209342, 0.4936496615409851, 0.13801536104313697, 0.10551859365441416, 0.45506662417265736, 1741909533634113930, 
0.002301504835486412, -0.005369219463318586, 0.5483697545999432, 0.1676871910899286, 0.5379476547241211, 0.15361807450155507, 0.11734347055275139, 0.5151828682389417, 1741909533730177234, 
0.00224385061301291, -0.0065827323123812675, 0.6508292460709992, 0.16165250618051635, 0.4963775873184204, 0.17148145938610265, 0.13043909328746087, 0.5878430329461282, 1741909533935244282, 
0.0022329785861074924, -0.006907452363520861, 0.7008929664914377, 0.1672554844792566, 0.5099324584007263, 0.19418531543907985, 0.1462044389252397, 0.6547556822754611, 1741909534035203494, 
0.0019343532621860504, -0.007051851134747267, 0.749092417582976, 0.16553354955784735, 0.4868510961532593, 0.20964094216542759, 0.16210170504865168, 0.7180691940635057, 1741909534131311003, 
0.0021237467881292105, -0.006973217241466045, 0.7964667325638553, 0.1618633308432246, 0.49238064885139465, 0.22737314643156, 0.17871230176529723, 0.7847506585716751, 1741909534225360255, 
0.0010416784789413214, -0.006777944974601269, 0.8990437957508116, 0.1759451268992477, 0.5018678307533264, 0.24390545428421412, 0.20223888050963965, 0.851224252506802, 1741909534434380717, 
0.00021255947649478912, -0.005577726289629936, 0.9478589608615331, 0.1785452626367392, 0.5033333897590637, 0.2590299248492036, 0.21145791506341993, 0.9268356411807605, 1741909534530580711, 
-8.575967513024807e-05, -0.0055214534513652325, 0.9953626283095579, 0.17398660953167885, 0.5047386884689331, 0.282381913913935, 0.23587701357340157, 0.9950762966240241, 1741909534625163707, 
-0.0006724104750901461, -0.00508189806714654, 1.049525616872207, 0.16554740364784717, 0.4761640131473541, 0.2966045041458328, 0.24907266299074352, 1.071667322047468, 1741909534735416219, 
-0.0009097635047510266, -0.004500332288444042, 1.1483391268775935, 0.17052475570630793, 0.4831864535808563, 0.303262148298014, 0.27093332715315516, 1.1300451137531489, 1741909534931256924, 
-0.0002511972561478615, -0.004696656949818134, 1.207776404191, 0.16421660180850267, 0.5109863877296448, 0.310215238035128, 0.2914649097478331, 1.202691137874686, 1741909535046160314, 
-0.00043665943667292595, -0.004462108016014099, 1.2523433869724887, 0.15855278529885716, 0.5139883756637573, 0.31645073763803483, 0.31825468538991125, 1.2719582459429044, 1741909535135420236, 
-0.0008071340853348374, -0.004148264415562153, 1.3512269882367864, 0.1642220114921107, 0.49198564887046814, 0.3214263738082811, 0.33938120772491615, 1.3308566480537025, 1741909535331303326, 
-0.0014450984308496118, -0.00422409875318408, 1.43721110146068, 0.15272256689463332, 0.3125185966491699, 0.3248604014222913, 0.36122335595836175, 1.388198870254259, 1741909535535193742, 
-0.001596922753378749, -0.004448697902262211, 1.4655244985248137, 0.1537472688684917, 0.2818446457386017, 0.32696464273291576, 0.3792705976598474, 1.4299990962539035, 1741909535635386225, 
-0.0008579192217439413, -0.004606975708156824, 1.4962172923907917, 0.1661247018941957, 0.321593314409256, 0.3316783561805075, 0.4001327908926315, 1.4744524646993311, 1741909535732475977, 
-0.0003555652219802141, -0.004548144526779652, 1.552795504263993, 0.14567601176847683, 0.2010992169380188, 0.3316840178835266, 0.421528601293965, 1.507312078580157, 1741909535935457675, 
-0.0005018739029765129, -0.004957290831953287, 1.5676499960679176, 0.1463647895422724, 0.11513695120811462, 0.3372619024452074, 0.4438054347059544, 1.5275364402273988, 1741909536035203011, 
-0.00031161983497440815, -0.004835449159145355, 1.5809884966412604, 0.1523312775039605, 0.1564255952835083, 0.3395381365808977, 0.46498488648910297, 1.546072770954855, 1741909536132274408, 
-0.000542505644261837, -0.004395660012960434, 1.5951445594695752, 0.14630464415102334, 0.057277604937553406, 0.33903703004020486, 0.48774256609169586, 1.5569372842026301, 1741909536335164805, 
-0.00048485700972378254, -0.004187876358628273, 1.599157204208966, 0.14372471617743976, 0.028012443333864212, 0.3337424016038956, 0.5066953807044551, 1.5596145326727187, 1741909536435231454, 
-0.0004972899332642555, -0.004472911823540926, 1.601472984007161, 0.1556702996110939, 0.024552781134843826, 0.3388990500698185, 0.5240230884779723, 1.5605873035287803, 1741909536531617682, 
-0.0004921487998217344, -0.003945472184568644, 1.6044273696650821, 0.13623346846910714, -0.0032038369681686163, 0.33882794780900816, 0.5503855009970082, 1.5625247293746953, 1741909536734675981, 
-0.0003351846244186163, -0.004739188589155674, 1.6008296433402482, 0.13674544842784334, -0.051147859543561935, 0.33964528317600473, 0.5689137434145431, 1.558371735730964, 1741909536834552276, 
0.00015317811630666256, -0.005007497034966946, 1.5979916885440475, 0.13576451311703722, -0.013469792902469635, 0.3420693995896094, 0.5866254036851684, 1.559691822285806, 1741909536931709910, 
-0.0002715757582336664, -0.004598921164870262, 1.5935333499005309, 0.13336388133376062, -0.01737126335501671, 0.3369642775159686, 0.6056837762720441, 1.5524242412456755, 1741909537135308071, 
-0.00011176848784089088, -0.004266509786248207, 1.5905948582796918, 0.13213900964714903, -0.026756450533866882, 0.3342031039841988, 0.6212536629234576, 1.5443040476499228, 1741909537235211256, 
-0.0006781191332265735, -0.004116702359169722, 1.585247949478821, 0.13136926749098934, -0.05214542895555496, 0.3321188909904862, 0.6440180372763677, 1.5413399499347213, 1741909537331662726, 
-0.000885534449480474, -0.003972632810473442, 1.5775324271172955, 0.12808142522073407, -0.03993862867355347, 0.33448523155489557, 0.6568360026760496, 1.5341685801949367, 1741909537535239405, 
-0.0012628654949367046, -0.0037938300520181656, 1.5722609569054231, 0.11988936797779824, -0.06114230304956436, 0.33623659785390864, 0.6780231722226728, 1.5328882929087455, 1741909537635187718, 
-0.001482263789512217, -0.0032939896918833256, 1.5696810221343576, 0.12418725042590097, -0.015450596809387207, 0.3305022846677129, 0.6993864339153926, 1.524902112950843, 1741909537732442021, 
-0.0017867300193756819, -0.002852560020983219, 1.562260507227323, 0.12156897697872493, -0.05798919126391411, 0.33507341411088637, 0.7147339772195415, 1.5232281816708668, 1741909537935245449, 
-0.0020286845974624157, -0.0023747067898511887, 1.560661373346047, 0.12276984766930293, -0.00772006856277585, 0.33483858630623525, 0.7278915120314826, 1.5128258673847816, 1741909538035205074, 
-0.0023785282392054796, -0.001730506424792111, 1.5572347599276883, 0.122935385138062, -0.025926167145371437, 0.3358683371682975, 0.7438296140582007, 1.50848812523944, 1741909538133328449, 
-0.0030431593768298626, -0.0017915180651471019, 1.5502584109373096, 0.1136785061539157, -0.03042924404144287, 0.33263407032682096, 0.7616268205268989, 1.5077080319997713, 1741909538335030673, 
-0.0029684891924262047, -0.0016352575039491057, 1.5495110094226057, 0.11867381815507662, -0.007691178470849991, 0.3417690272879907, 0.7813520636932076, 1.5100355363309312, 1741909538435433498, 
-0.0034409097861498594, -0.0019502093782648444, 1.543547588354485, 0.11613097065166587, -0.017303528264164925, 0.3382918571955806, 0.7972562166939152, 1.5088640068272205, 1741909538642711359, 
-0.0036843372508883476, -0.0016075881430879235, 1.5422769994282581, 0.1128558876792143, -0.008197607472538948, 0.34111724605572225, 0.8082594032260904, 1.4989614012616572, 1741909538735488815, 
-0.0035123955458402634, -0.001563220052048564, 1.5413822580683227, 0.11313883245390273, 0.0029028868302702904, 0.3394595687818175, 0.8199711923571141, 1.49903267823631, 1741909538836236990, 
-0.003484653076156974, -0.0019744890742003918, 1.5399166968349443, 0.11289927272675217, -0.00030585937201976776, 0.34021676475265705, 0.8399017910812858, 1.4992588260604707, 1741909538932679231, 
-0.0030006563756614923, -0.0021100251469761133, 1.5403042690875974, 0.1104724774613186, 0.014045567251741886, 0.3457995177554852, 0.8547426667014779, 1.4963180150996493, 1741909539134668376, 
-0.002902445150539279, -0.0022545235697180033, 1.539794430637755, 0.10625551538834119, -0.00753759453073144, 0.3460375953144591, 0.8655023254085888, 1.5027895984768185, 1741909539236390091, 
-0.0029255168046802282, -0.0023043006658554077, 1.539617569917359, 0.10842894863860639, 0.006852732505649328, 0.3414305817798123, 0.8856553960925694, 1.4975838370279284, 1741909539425099754, 
-0.0032289617229253054, -0.002225141040980816, 1.5393115450735373, 0.10682564109718803, -0.004785463213920593, 0.34408704349487024, 0.8994389396299792, 1.497875934512505, 1741909539534838134, 
-0.0030092443339526653, -0.0023208926431834698, 1.539532714695219, 0.0974924817314287, 0.004365120083093643, 0.34370429057488877, 0.9142735584967231, 1.4998286145373123, 1741909539636207302, 
-0.0028882266487926245, -0.0018776366487145424, 1.5403414318724515, 0.10342009036517975, 0.0031141045037657022, 0.34779340761300676, 0.9274285924369643, 1.5067925364647987, 1741909539843370367, 
-0.002840189030393958, -0.0021660400088876486, 1.5394526442551435, 0.10136033200866044, 0.008012454025447369, 0.3485901540093157, 0.9430389392160391, 1.502033669644398, 1741909540037412786, 
-0.0027889087796211243, -0.001708470401354134, 1.5392024036129697, 0.10120011954618367, 0.018050648272037506, 0.3463620554141859, 0.953597930448353, 1.5003714572473632, 1741909540133809673, 
-0.00274459645152092, -0.002118759322911501, 1.537969178539057, 0.09894239849092455, -0.026938408613204956, 0.35025716914756144, 0.9730840714995491, 1.5016175557446843, 1741909540226485315, 
-0.0028040395118296146, -0.0023309786338359118, 1.5385320123406148, 0.09435823200747064, 0.011260399594902992, 0.3486965601638063, 0.9826249712297019, 1.498601586306694, 1741909540437279537, 
-0.00259878346696496, -0.0026960698887705803, 1.5381809627532004, 0.10075291164450845, -0.013291703537106514, 0.35142457479544614, 0.9982947055058151, 1.4962331987747066, 1741909540534257352, 
-0.002511142985895276, -0.002540767891332507, 1.5389575627821073, 0.09618519327551552, 0.01214582473039627, 0.34838216023008106, 1.012333236760198, 1.4967010088068509, 1741909540627152626, 
-0.00286956992931664, -0.0024783711414784193, 1.5379690184584924, 0.09318552082979328, 0.010801323689520359, 0.3510930520279405, 1.0253262290406284, 1.5015015673506722, 1741909540735606451, 
-0.0031405994668602943, -0.0024459059350192547, 1.5384705455051124, 0.09486056304436465, -0.001527545158751309, 0.35020812898806697, 1.0356718663124802, 1.4993644722445998, 1741909540835503072, 
-0.0034856933634728193, -0.00204784725792706, 1.5383652122215399, 0.08846833323899711, 0.005920842755585909, 0.35074900973951456, 1.045463872219467, 1.495840003757882, 1741909541027107239, 
-0.00335309118963778, -0.002142652403563261, 1.5379917460584307, 0.09145864134266825, -0.0031516882590949535, 0.34919319977420954, 1.0632577130121834, 1.4985994970631316, 1741909541135385378, 
-0.0028512892313301563, -0.0020651565864682198, 1.5383257447867238, 0.08653105344062917, -0.0029161435086280107, 0.35305524232259866, 1.0673609948357619, 1.4955805911293554, 1741909541335451719, 
-0.0025001673493534327, -0.002133273519575596, 1.5395018382779235, 0.08737136928104275, 0.008707528933882713, 0.3534652199743856, 1.0805908646774154, 1.4956848421787523, 1741909541426100321, 
-0.003071355167776346, -0.0019091772846877575, 1.5378936472471556, 0.08993734771496331, 0.012052885256707668, 0.3468114578455029, 1.0911110540899216, 1.494104496789998, 1741909541634737257, 
-0.00281178904697299, -0.0018583117052912712, 1.537177461113953, 0.08846201864942464, -0.010581194423139095, 0.3506944261265011, 1.1088855577273962, 1.4977692981517092, 1741909541734677733, 
-0.002971481764689088, -0.0018827974563464522, 1.5364856012814956, 0.08459749915501132, 0.01293058879673481, 0.35787732371841185, 1.1239536218451083, 1.5009676089953377, 1741909541934674401, 
-0.00318812089972198, -0.0017283933702856302, 1.5371497911103191, 0.08374693206875725, 0.019999144598841667, 0.3593129677048941, 1.132799191509158, 1.4997333354909175, 1741909542034646793, 
-0.003027102444320917, -0.0015818257816135883, 1.5372469897745822, 0.08289093968505484, -0.0015727754216641188, 0.35032644721416517, 1.142478499409941, 1.504937376856082, 1741909542134914183, 
-0.002908347174525261, -0.0018100650049746037, 1.53613698221943, 0.08020979043619625, -0.0030711123254150152, 0.35530084555553665, 1.1557044290912974, 1.4998187056822017, 1741909542335357038, 
-0.003256244584918022, -0.0016547320410609245, 1.5350729049159735, 0.07754948018743542, -0.0010619069216772914, 0.3562435224307783, 1.1680708093678176, 1.498521512995203, 1741909542434832011, 
-0.0033131083473563194, -0.0015710161533206701, 1.5342200715567225, 0.0796793613135644, -0.009328482672572136, 0.3595701621091882, 1.1796174193065374, 1.5003561666802505, 1741909542534825201, 
-0.0030536053236573935, -0.0015763372648507357, 1.5344804489211639, 0.07650077769169922, -0.00825961958616972, 0.36252988534636993, 1.1833264638163479, 1.4949233088679643, 1741909542734567132, 
-0.0032624956220388412, -0.0017492063343524933, 1.532243288521266, 0.0757931218436472, -0.012634217739105225, 0.3525506641223689, 1.1976879762879298, 1.499375014593889, 1741909542834969173, 
-0.0033205326180905104, -0.001582137425430119, 1.5309436116119575, 0.07727130950222023, -0.012203888967633247, 0.35536553960120043, 1.2063727359825838, 1.4956272066201015, 1741909542935051827, 
-0.003434604499489069, -0.0009711951715871692, 1.5300182166952234, 0.07886240563218318, -0.010259433649480343, 0.35575775702338136, 1.2189216945184809, 1.489825691260157, 1741909543045078499, 
-0.0034939334727823734, -0.0009184235241264105, 1.5290988906337721, 0.07400106406474735, -0.01108621433377266, 0.35903807800287335, 1.2270856688471015, 1.4919693439192454, 1741909543135882643, 
-0.003542311955243349, -0.0014299802714958787, 1.5257227127930302, 0.0705634357940408, -0.013742883689701557, 0.3608116670022571, 1.2366613228751377, 1.482371252183068, 1741909543335100121, 
-0.0038488067220896482, -0.0010023429058492184, 1.5263731461821741, 0.07357326676289402, 0.00882619246840477, 0.36034467923915353, 1.2484066591767229, 1.4855200097547305, 1741909543444868969, 
-0.003828756744042039, -0.0013571191811934114, 1.5237605279743307, 0.07367589266564016, -0.004749274346977472, 0.35691757214503933, 1.2556258612552262, 1.4798338142765566, 1741909543634926688, 
-0.0032913535833358765, -0.001967574004083872, 1.5229931939300068, 0.06985680213233653, -0.007775334175676107, 0.3584847420022259, 1.2676713157639081, 1.4878752625339038, 1741909543845239971, 
-0.0034155549947172403, -0.0019191568717360497, 1.522582081529882, 0.06610630116184121, 0.002762952819466591, 0.3590317568500122, 1.2815376302106272, 1.485874573094101, 1741909543936178039, 
-0.003530951216816902, -0.0018865556921809912, 1.5221579963777752, 0.0647206969147612, 0.0, 0.3594995239335314, 1.2875893126320297, 1.4945294207781152, 1741909544035030498, 
-0.0035935756750404835, -0.0019929208792746067, 1.5221938999231774, 0.06877974850687776, -0.017778394743800163, 0.36354472034397106, 1.2933208306281143, 1.488580292752188, 1741909544135919331, 
-0.002949798945337534, -0.0021756733767688274, 1.5237996673453333, 0.06488094436929868, 0.001702361274510622, 0.3636066916440675, 1.3034220845830318, 1.483602911292942, 1741909544334884989, 
-0.002790343016386032, -0.0023520735558122396, 1.5230102614479897, 0.06593943871489932, -0.005895615555346012, 0.3620152357747588, 1.310927502076906, 1.489057631579676, 1741909544435191387, 
-0.002822251757606864, -0.0023791075218468904, 1.522789489093376, 0.06556668970420937, 0.0, 0.3636998655173197, 1.3212426719156565, 1.4838949083897723, 1741909544534682833, 
-0.0028397401329129934, -0.002235850552096963, 1.5221723409491619, 0.06412514755330868, -0.010255158878862858, 0.37124173519137293, 1.3322769259100096, 1.4819084984167397, 1741909544735412994, 
-0.002699501346796751, -0.0022630684543401003, 1.5216515995791597, 0.06335855843274839, 0.011864406988024712, 0.3688826514054084, 1.3379746661087943, 1.4815860804578445, 1741909544836307752, 
-0.0026995015796273947, -0.002263067988678813, 1.5216514351764334, 0.06456805397502334, 0.0, 0.36279123341008135, 1.3514514307100336, 1.4851077274892224, 1741909544934935644, 
-0.0028913766145706177, -0.0019750362262129784, 1.520807735605111, 0.061384278858546304, 0.0, 0.36736714192867653, 1.3588266511060494, 1.4807158322260021, 1741909545136422261, 
-0.0029024893883615732, -0.001740252715535462, 1.5209997921044427, 0.06268618947496976, 0.0032397471368312836, 0.36714280270777516, 1.3670589250231135, 1.4789227941830845, 1741909545234903462, 
-0.0029402554500848055, -0.0009358656825497746, 1.521058531591347, 0.06384396265988754, -0.00048226979561150074, 0.3731984304769592, 1.3764687266987756, 1.4835955415265623, 1741909545445288149, 
-0.002819807268679142, -0.0010094048921018839, 1.5203876166400527, 0.06001191857543017, -0.00952295120805502, 0.3723807645439613, 1.3805991994642792, 1.4878854647553412, 1741909545536412255, 
-0.0031355854589492083, -0.0007511354051530361, 1.5200191404121508, 0.05756115178750446, -0.0070142922922968864, 0.36893194930451895, 1.3886552223164514, 1.4758335730279308, 1741909545736478262, 
-0.0031355854589492083, -0.0007511354051530361, 1.5200191404121508, 0.056478108537068326, 0.0, 0.3764556580114678, 1.393453330975926, 1.4853745562795706, 1741909545825414296, 
-0.0033363141119480133, -0.0006476663984358311, 1.5199927869927365, 0.05826768956777086, 0.0, 0.37317215321524316, 1.4038378646912453, 1.4808294578653551, 1741909545935255031, 
-0.0033363141119480133, -0.0006476663984358311, 1.5199927869927365, 0.058473702124947076, 0.0, 0.37148273480798916, 1.4136043180830564, 1.4796658383442807, 1741909546135470652, 
-0.003658255562186241, -0.0009622453944757581, 1.519519868377758, 0.052618606517768146, -0.009390623308718204, 0.3721334134860874, 1.4158630353670305, 1.4801791743464332, 1741909546245386576, 
-0.003658255562186241, -0.0009622453944757581, 1.519519868377758, 0.05349933398544231, 0.0, 0.3726784182359296, 1.4265177947122383, 1.4758702228346254, 1741909546335416932, 
-0.004397382028400898, -0.0006090577226132154, 1.5193929584711565, 0.05332887119081321, -0.008286342956125736, 0.37871856631776263, 1.440206284059164, 1.4785085818106312, 1741909546535498193, 
-0.004523536656051874, -0.0005479943938553333, 1.5196721124372414, 0.05528122637357716, 0.0055993543937802315, 0.3777397257771222, 1.4370647907065688, 1.4737763987935202, 1741909546625299781, 
-0.004523536656051874, -0.0005479943938553333, 1.5196721124372414, 0.05596145409940773, 0.0, 0.3713599522936005, 1.452369705198898, 1.486245374980013, 1741909546735484226, 
-0.004523536656051874, -0.0005479943938553333, 1.5196721124372414, 0.04931987850757163, 0.0, 0.3713518418657342, 1.451166976089145, 1.4853098540969312, 1741909546935626615, 
-0.004523536656051874, -0.0005479943938553333, 1.5196721124372414, 0.05303950744208518, 0.0, 0.3698747716369421, 1.4654503830388823, 1.488357972794206, 1741909547024757026, 
-0.004523536656051874, -0.0005479943938553333, 1.5196721124372414, 0.051506683559456375, 0.0, 0.3764177071117468, 1.463681742528435, 1.476202194964565, 1741909547136276985, 
-0.004523536656051874, -0.0005479943938553333, 1.5196721124372414, 0.0540326695571742, 0.0, 0.3757948684942323, 1.4753239373506877, 1.4789359511932008, 1741909547335812644, 
-0.004523536656051874, -0.0005479943938553333, 1.5196721124372414, 0.050875080640036256, 0.0, 0.37700374143553506, 1.483500884871399, 1.4819819640429857, 1741909547444656785, 
-0.0044268835335969925, -0.0007973875617608428, 1.5194392630380482, 0.05059314965635392, -0.003850637935101986, 0.3791630644745696, 1.493674762841827, 1.4762850000153256, 1741909547536278277, 
-0.004448323976248503, -0.0010824159253388643, 1.51797709514303, 0.04870842226264817, -0.005700589623302221, 0.3796325789572958, 1.4974132034842766, 1.4747945663420698, 1741909547635286180, 
-0.0042333779856562614, -0.0014303895877674222, 1.5177642837720025, 0.04688759933940166, -0.0031751475762575865, 0.38124099132257955, 1.5082657559163977, 1.4841801998711892, 1741909547845453967, 
-0.004214701242744923, -0.0013975311303511262, 1.517939389688078, 0.04895598442266923, 0.0, 0.37909939600010817, 1.5143440129331955, 1.4867562155327605, 1741909547937433056, 
-0.004214701242744923, -0.0013975311303511262, 1.517939389688078, 0.04006537341846802, 0.0, 0.37748270700679304, 1.5233310627465255, 1.4804366474827344, 1741909548135493064, 
-0.0039871372282505035, -0.0015062454622238874, 1.518835429155701, 0.05311556166402081, 0.0, 0.3835100284979174, 1.5268700092028995, 1.4831764090424848, 1741909548225180773, 
-0.0036086528562009335, -0.0015297221252694726, 1.5194261685784467, 0.044581611723381105, 0.009535900317132473, 0.3772492136472426, 1.5332659760184082, 1.4808422436968784, 1741909548336323142, 
-0.003675485961139202, -0.001416702289134264, 1.5184733691457444, 0.03937018906924985, -0.01888013631105423, 0.3790056220049081, 1.5326130476894404, 1.4756379734109868, 1741909548535657066, 
-0.003675485961139202, -0.001416702289134264, 1.5184733691457444, 0.04582556861082818, 0.0, 0.38329341865730515, 1.5461016865389978, 1.479772068544468, 1741909548645030468, 
-0.003684752620756626, -0.0011919708922505379, 1.5177264725634638, 0.044155260787901184, -0.018971068784594536, 0.38370992185775543, 1.5447757244251816, 1.4719613108233618, 1741909548735531075, 
-0.003684752620756626, -0.0011919708922505379, 1.5177264725634638, 0.04307775427114921, 0.0, 0.3761394325166186, 1.5570621084336544, 1.478273650541554, 1741909548935537771, 
-0.0032314532436430454, -0.001255306415259838, 1.5168102052126349, 0.04423767137023584, -0.013406091369688511, 0.3773937005272272, 1.5571508526450715, 1.4786448681318631, 1741909549044715950, 
-0.0032314532436430454, -0.001255306415259838, 1.5168102052126349, 0.041696960826465825, 0.0, 0.38025107284725324, 1.5657223044247448, 1.4792693805353898, 1741909549136439401, 
-0.0031433869153261185, -0.001273550558835268, 1.5159935028623044, 0.039069862980945634, 0.0, 0.38354249448529926, 1.576553177891735, 1.4772279824636183, 1741909549336369295, 
-0.0031433869153261185, -0.001273550558835268, 1.5159935028623044, 0.04229902891483522, 0.0, 0.37800756543735214, 1.574620330618302, 1.4766871108160793, 1741909549445128630, 
-0.0031433869153261185, -0.001273550558835268, 1.5159935028623044, 0.04013056960366883, 0.0, 0.3787575162236003, 1.5832833750084256, 1.4750426139586468, 1741909549537474729, 
-0.0031626326963305473, -0.00104452611412853, 1.5147878555254952, 0.04174920707316881, 0.0, 0.38109835760197985, 1.5850016545386498, 1.4724421709293136, 1741909549735721886, 
-0.0026490159798413515, -0.0010381282772868872, 1.5128065487001774, 0.038736043555304814, -0.002780960639938712, 0.3834863566103279, 1.598540682441791, 1.4788868886699282, 1741909549937449347, 
-0.002636014251038432, -0.0010693678632378578, 1.512010909462336, 0.039145638790108586, -0.015918223187327385, 0.3872245621827793, 1.6051489588827856, 1.4728225076845578, 1741909550035319053, 
-0.0025296490639448166, -0.0011791791766881943, 1.5109822641760244, 0.03932429474017754, 0.0, 0.39121548356771424, 1.6079460991145387, 1.4698633137524717, 1741909550135533016, 
-0.0025184417609125376, -0.0010457208845764399, 1.509847066188038, 0.03723278662294768, 0.0, 0.3843563637919941, 1.6080220963409326, 1.4716440019813206, 1741909550336197005, 
-0.002586942631751299, -0.001008376944810152, 1.5088788048263897, 0.04063180224520502, 0.0, 0.37288856627591144, 1.6190212924704523, 1.4724347395121151, 1741909550434531828, 
-0.0027053921949118376, -0.0010093080345541239, 1.50805522453984, 0.03770105283151353, 0.0, 0.38833336230093296, 1.6215838211272569, 1.465941157587422, 1741909550535821577, 
-0.0028864191845059395, -0.0009330256143584847, 1.5072278429698633, 0.03673151174422765, -1.7568496559761115e-06, 0.38700099885782174, 1.624777085492232, 1.4619359909121994, 1741909550644987270, 
-0.0031208149157464504, -0.0007707586046308279, 1.5075005315791206, 0.03661174273808503, 0.005608771927654743, 0.38758795949189256, 1.6266583252277755, 1.4700893864697568, 1741909550834550612, 
-0.003311773296445608, -0.0005916509544476867, 1.5086965788843085, 0.03755323513568395, 0.024325056001544, 0.3888858636238726, 1.6274353534770194, 1.4635626172857483, 1741909550935614031, 
-0.003126862458884716, -0.0008792411535978317, 1.5079253969500075, 0.03376672560421898, -0.01904638670384884, 0.3893865968698709, 1.6385811643838428, 1.4682954310320426, 1741909551136437317, 
-0.003018462099134922, -0.0010947429109364748, 1.5046409585053395, 0.03189903973298842, -0.03259924799203873, 0.38151104433926947, 1.6435535947476314, 1.472172680229112, 1741909551236352999, 
-0.0030904861632734537, -0.0010691480711102486, 1.5036540381982884, 0.032299227712034806, 1.0340374501538463e-05, 0.38996055127886026, 1.6470545829022416, 1.4619158201502491, 1741909551332459639, 
-0.0035086176358163357, -0.000562730710953474, 1.50368082286764, 0.030983493559572566, -0.001116119441576302, 0.3911011840842912, 1.6498606143150016, 1.4708622717856816, 1741909551539020770, 
-0.003581519238650799, -0.0004428942920640111, 1.503704659603378, 0.03126742042902782, -0.0034886549692600965, 0.3896405187134309, 1.6641289360623588, 1.4669397529713946, 1741909551631422189, 
-0.0035414015874266624, -0.0003933883272111416, 1.504180212712578, 0.03192627808854877, 0.0, 0.3924624943367129, 1.6618879977662033, 1.4636117150067043, 1741909551731798811, 
-0.003363362979143858, -0.0005241268081590533, 1.5014323270308696, 0.032358624837049, -0.03393404558300972, 0.3909498737897546, 1.6682634310208984, 1.4681606684814303, 1741909551939261743, 
-0.0032735690474510193, -0.0006107114022597671, 1.5008839046324962, 0.03482175429327974, -0.007607827894389629, 0.38544912635200734, 1.6684706399041973, 1.4641396207255735, 1741909552032358378, 
-0.0031824521720409393, -0.0007135747000575066, 1.5006071701825299, 0.03193031463700206, -0.002360373269766569, 0.3897403916466334, 1.6792105779537383, 1.4654091439534203, 1741909552131888529, 
-0.0032398137263953686, -0.0008837654022499919, 1.4994276885852376, 0.0316918845235428, -0.002877376973628998, 0.38916793861726834, 1.6785914068711092, 1.4678294111301606, 1741909552340420942, 
-0.00307374051772058, -0.001035182038322091, 1.499872427564354, 0.027054010413879233, 0.010500106029212475, 0.38898291112366096, 1.683582893886543, 1.4662455372617798, 1741909552432352108, 
-0.003229630645364523, -0.0008647370850667357, 1.5001026995038658, 0.028738628721819478, 0.002088262001052499, 0.3895248705538203, 1.6906706944455747, 1.4689758389161705, 1741909552535850662, 
-0.003229630645364523, -0.0008647370850667357, 1.5001026995038658, 0.032537296242725534, 0.0, 0.3873761119519018, 1.6942861042902402, 1.4655428539923772, 1741909552735438433, 
-0.003229630645364523, -0.0008647370850667357, 1.5001026995038658, 0.030315300097876547, 0.0, 0.3915110384137395, 1.7010879401765524, 1.4605675038745007, 1741909552835508623, 
-0.002868989948183298, -0.0007626664591953158, 1.498510375607632, 0.028483767562667253, -0.03172080218791962, 0.39243004792310615, 1.7074666107915775, 1.4661189458478663, 1741909552935595687, 
-0.002856564475223422, -0.0008970366325229406, 1.4972331736916462, 0.03056413381561966, 0.0, 0.38488931719316344, 1.7048061221892836, 1.4604383114362938, 1741909553136454463, 
-0.0027847611345350742, -0.0009807772003114223, 1.496912358646121, 0.02873421001609953, 0.0, 0.39266225180767567, 1.7065514997445401, 1.4560122471847605, 1741909553235510568, 
-0.002849940210580826, -0.0009659611387178302, 1.4961975372641352, 0.03295904271736778, -0.014738790690898895, 0.3932097382881501, 1.7124150239454556, 1.451978632321341, 1741909553334811032, 
-0.00271951244212687, -0.0013430316466838121, 1.4949801398043716, 0.025350145979358054, 0.017527492716908455, 0.3898923577375402, 1.7199250481652886, 1.4574466697710025, 1741909553535779887, 
-0.00271951244212687, -0.0013430316466838121, 1.4949801398043716, 0.030060445753394692, 0.0, 0.39316790050380224, 1.716953561652973, 1.4535480867011166, 1741909553636370309, 
-0.002719735261052847, -0.0012381898704916239, 1.4938888561106405, 0.02735552593889921, -0.035976752638816833, 0.39401861529347665, 1.7224908730820212, 1.453311545975625, 1741909553826271147, 
-0.002719735261052847, -0.0012381898704916239, 1.4938888561106405, 0.025453206795793715, 0.0, 0.3955756733355883, 1.721379764689392, 1.4476929274549617, 1741909553936476909, 
-0.002719735261052847, -0.0012381898704916239, 1.4938888561106405, 0.03142820224028086, 0.0, 0.3935156226467791, 1.730862699401472, 1.4550930902282673, 1741909554136527852, 
-0.002719735261052847, -0.0012381898704916239, 1.4938888561106405, 0.03123717592492275, 0.0, 0.398310175018809, 1.7420411913642342, 1.4548966630353235, 1741909554225530853, 
-0.0027582338079810143, -0.0014471355825662613, 1.4950907758657292, 0.026196597860011505, 0.01986762322485447, 0.3979709001592473, 1.7445759015300935, 1.4545543813875448, 1741909554336188750, 
-0.002655085176229477, -0.0015511917881667614, 1.4963569467510953, 0.030797627201460304, 0.0, 0.3989020203472421, 1.7433731787165885, 1.455185844192441, 1741909554536965042, 
-0.002383418148383498, -0.001824050210416317, 1.4968112109754472, 0.030986947079455155, 0.006441013887524605, 0.38891444134525044, 1.7483777067537736, 1.4662141282268464, 1741909554646188194, 
-0.001962460810318589, -0.0020786544773727655, 1.4990465410688265, 0.028802466786003768, 0.0, 0.3950714856591781, 1.7474607744175614, 1.4580706904898415, 1741909554836346601, 
-0.001962460810318589, -0.0020786544773727655, 1.4990465410688265, 0.027632962903106833, 0.0, 0.3955962607917502, 1.7555606885496553, 1.4602887591466642, 1741909554937347273, 
-0.0018513521645218134, -0.002114871283993125, 1.500760687910577, 0.028703601517836814, 0.014249904081225395, 0.3973092789431853, 1.7581965557214903, 1.46079907033983, 1741909555046481632, 
-0.0018513522809371352, -0.002114871283993125, 1.5007606879106115, 0.02984515903142501, 0.0, 0.4008803067401041, 1.7635690430159239, 1.4599552306001218, 1741909555137366250, 
-0.002035000594332814, -0.0019305968889966607, 1.5007608455080772, 0.03870627957680221, 0.0, 0.3971089605490345, 1.7684975303070267, 1.4578233230186075, 1741909555235885474, 
-0.0020909674931317568, -0.0021569423843175173, 1.4927833253551235, 0.031813548532066145, -0.040486205369234085, 0.40257033539817666, 1.7709507323812246, 1.455801547052212, 1741909555426432748, 
-0.0022457053419202566, -0.002094864845275879, 1.490597969693498, 0.03356033625177372, -0.02068968117237091, 0.40150530618905717, 1.7801323896680576, 1.452351441798468, 1741909555636365507, 
-0.0021746575366705656, -0.002185260411351919, 1.4903633829655691, 0.027231881024077722, 0.004788004327565432, 0.39772578638543, 1.7807673305444596, 1.4543686225548658, 1741909555730954502, 
-0.0021783513948321342, -0.0021510650403797626, 1.4915396507718834, 0.03127599185613887, 0.014286215417087078, 0.4020574805849886, 1.7864896087310287, 1.4507750132285049, 1741909555826263171, 
-0.0023344613146036863, -0.0020852733869105577, 1.490774057228622, 0.028802798740195645, -0.01256116759032011, 0.398984334018093, 1.7884815411849353, 1.4543266897327047, 1741909555936423896, 
-0.002215143060311675, -0.0022116948384791613, 1.4909939962470145, 0.026064223167889502, 0.0, 0.4035382846147152, 1.7929397767469437, 1.4519627011669425, 1741909556036350606, 
-0.0020685086492449045, -0.0021266492549329996, 1.494424835230202, 0.02916957161722246, 0.00979544036090374, 0.40505392828346976, 1.7910175709244178, 1.4502564338632973, 1741909556226233426, 
-0.00204461719840765, -0.0020687412470579147, 1.4940387688913739, 0.029542715036316645, 0.0, 0.40470172989127356, 1.8042588133178596, 1.4542075450532783, 1741909556436444655, 
-0.002197036286816001, -0.0017416521441191435, 1.494335236036943, 0.030637367676286473, 0.009242739528417587, 0.4031148052650317, 1.8081539005406126, 1.452380206389606, 1741909556532341760, 
-0.002210922772064805, -0.0016595260240137577, 1.4939278246060022, 0.029167864985451, -0.005837947595864534, 0.3984538927875372, 1.8127635927562646, 1.4621535304836135, 1741909556646016330, 
-0.002257582964375615, -0.001479442580603063, 1.4957489849030867, 0.03361860223641603, 0.018855838105082512, 0.3986048419454909, 1.8172385304994516, 1.4679295946259192, 1741909556836412904, 
-0.0023527657613158226, -0.0014127881731837988, 1.4979545958973026, 0.03836769439794478, 0.03342311456799507, 0.40007537701819484, 1.819904643564265, 1.4666746417888268, 1741909556932346667, 
-0.0023465421982109547, -0.0014556243550032377, 1.4987641117154817, 0.03213807324663919, 0.011691425926983356, 0.40521715097935956, 1.8266711018895694, 1.4644911159869043, 1741909557045657623, 
-0.0022089737467467785, -0.0016062462236732244, 1.5007749939895911, 0.0329445022253488, 0.0, 0.4066011105854555, 1.8256147823663895, 1.462414990219341, 1741909557236416832, 
-0.0021635626908391714, -0.0013968838611617684, 1.497326644354419, 0.034287125128570635, -0.03774246200919151, 0.4048495067187722, 1.8336312216293742, 1.4587031098101397, 1741909557332413253, 
-0.002411158988252282, -0.0012474278919398785, 1.4842328206835909, 0.038301645840655034, -0.06292208284139633, 0.40369043289728257, 1.838540978520866, 1.4527589564538725, 1741909557526643284, 
-0.0025706435553729534, -0.0011314417934045196, 1.4803853773453637, 0.0353834144420726, -0.018688717857003212, 0.40586886021260943, 1.8410408739260415, 1.4403186113511446, 1741909557636384363, 
-0.0026787996757775545, -0.0009581516496837139, 1.4743698658870827, 0.037441155551728, -0.047196220606565475, 0.40826136341883495, 1.8464003133752858, 1.4334870265566146, 1741909557732428114, 
-0.0026809771079570055, -0.000953358190599829, 1.470140665641998, 0.03247193689156874, -0.03670932725071907, 0.4097219348002372, 1.8473102559738082, 1.4348644385097316, 1741909557846831540, 
-0.002756170928478241, -0.0009275841875933111, 1.4694775530201099, 0.02793880602636888, -0.010945625603199005, 0.4112966374438673, 1.865261000011408, 1.4348841615572747, 1741909557936429913, 
-0.0029764724895358086, -0.0009469497599638999, 1.4639012255159851, 0.030563393580097582, -0.03543384000658989, 0.4108878117241945, 1.8622542049358626, 1.4265899948978025, 1741909558132725112, 
-0.0029636407271027565, -0.0009312828769907355, 1.463324155248777, 0.029792043529598203, -0.008127911016345024, 0.40759609790685786, 1.86418436108983, 1.4310149075070355, 1741909558246517151, 
-0.0028356926050037146, -0.0009726175921969116, 1.4647545679339289, 0.032892878597831715, 0.019026363268494606, 0.40452662968648584, 1.8660199256651218, 1.43164069609812, 1741909558335812433, 
-0.0031338119879364967, -0.000583676272071898, 1.4752378674437039, 0.03477790748300785, 0.048123836517333984, 0.40228423072700903, 1.880662561989363, 1.4485407869961093, 1741909558533412649, 
-0.003285509068518877, -0.0005137388361617923, 1.4859443772724747, 0.039617768361049334, 0.03666878119111061, 0.4080060562757597, 1.8846546419155628, 1.4532680977585946, 1741909558736463843, 
-0.003512580879032612, -0.0004935230826959014, 1.4920781618866545, 0.037205463362924025, 0.05979783460497856, 0.40878306490296695, 1.8941594712993752, 1.4593811181849625, 1741909558835691194, 
-0.003728120122104883, -0.0005193223478272557, 1.4970292569898076, 0.03663621058010882, 0.05088146775960922, 0.40748067561837864, 1.9001474218655634, 1.4606897215139714, 1741909558933419240, 
-0.0038285269401967525, -0.0005111204227432609, 1.5055139798345838, 0.03875502199424273, 0.06831927597522736, 0.40873019842360686, 1.8952188051525012, 1.471488078990355, 1741909559047167329, 
-0.00392912607640028, -0.0007092548767104745, 1.5022969164020277, 0.010609235147216333, -0.06092784181237221, 0.4076796189251582, 1.904540337994995, 1.4709243161903383, 1741909559235595738, 
-0.003932117018848658, -0.0008289417019113898, 1.4906172749059332, 0.016224236522842533, -0.13487344980239868, 0.41287318857352195, 1.9001393405698828, 1.4517489169264817, 1741909559333447346, 
-0.003995141945779324, -0.0005256251897662878, 1.4696287097130991, 0.04083166299797309, -0.04093422368168831, 0.4091616193295115, 1.9036551058336157, 1.4384473701848897, 1741909559535607038, 
-0.003905944526195526, -0.0005784711102023721, 1.4610224478495104, 0.0049002612655652976, -0.09326893091201782, 0.4118484684028895, 1.905593800411883, 1.4232815477797347, 1741909559635522988, 
-0.003806760534644127, -0.0005415150662884116, 1.4506050127373977, 0.015865688861106047, -0.11640356481075287, 0.41043143842056645, 1.90204408530251, 1.41049253091212, 1741909559734427845, 
-0.00372136989608407, -0.0005228654481470585, 1.4243291496498234, 0.017454393386611245, -0.12256237864494324, 0.41200899437205524, 1.9038408780161307, 1.3848200849767571, 1741909559935908942, 
-0.003724483773112297, -0.0004041772335767746, 1.417922097768186, 0.03204972779779212, -0.042596712708473206, 0.4124513808938582, 1.9107779327264847, 1.3766336182056074, 1741909560036451183, 
